Page Name,URL,Summary
,https://www.nueverainfotech.com/,"""Welcome to Nuevera Infotech , your one-stop destination for top-notch web creation, hosting, marketing, and business management solutions. We also specialize in project management and deliver inspiring corporate talks. Elevate your skills through our comprehensive corporate internships and training programs, all aimed at ensuring complete customer satisfaction. Discover excellence in the digital realm with our trusted services.""
"
client-portal,https://www.nueverainfotech.com/client-portal,"Access our personalized client portal to have a detailed understanding about the services with respect to market Experience seamless collaboration and stay updated with ease.
"
careers,https://www.nueverainfotech.com/careers,"Unlock Your Potential: Join Our Exciting Corporate Internship Program! 

 

Are you a tech-savvy individual with a passion for innovation? Our leading IT Company is thrilled to announce internship opportunities tailored for the bright minds of the Youth generation and aspiring individuals!  An internship with Nuevera is not just a temporary position, it's a gateway to a promising future."
who-we-are,https://www.nueverainfotech.com/who-we-are,"At Nuevera Infotech, we’re committed to providing the best IT solutions and services for our clients. We offer a wide range of services, from web design and development to digital marketing and hosting, all of which are tailored to meet the specific needs of each client. Additionally, we’re dedicated to providing high quality projects at competitive prices and to contributing to society by assisting potential people in the field.
"
careers,https://www.nueverainfotech.com/careers,"Unlock Your Potential: Join Our Exciting Corporate Internship Program! 

 

Are you a tech-savvy individual with a passion for innovation? Our leading IT Company is thrilled to announce internship opportunities tailored for the bright minds of the Youth generation and aspiring individuals!  An internship with Nuevera is not just a temporary position, it's a gateway to a promising future."
courses,https://www.nueverainfotech.com/courses,"Discover our comprehensive courses page offering complete soft skill training and a comprehensive digital marketing course. Unlock your full potential with our expert-led programs for personal and professional growth.

"
blog,https://www.nueverainfotech.com/blog,"Explore our insightful and informative blog page, offering valuable articles and updates on the latest trends, technologies, and innovations in the IT industry. Stay informed and inspired as we share our expertise and knowledge to empower your digital journey.
"
press-release,https://www.nueverainfotech.com/press-release,"Stay updated with the latest news and announcements from our IT industry-based company through our Press Release page. Find valuable insights, exciting developments, and noteworthy achievements as we continue to drive innovation and excellence in the technology sector.
"
faq,https://www.nueverainfotech.com/faq,"Find answers to commonly asked questions about our IT industry-based company on our FAQ page. Get insights into our services, internships, trainings, and more to make informed decisions and experience seamless interactions with our team.
"
contact,https://www.nueverainfotech.com/contact,"A contact page on our website serves as a direct communication channel for visitors to connect with the website owner or business for inquiries, feedback, or support. Get in touch with us through our contact page to inquire about our services, provide feedback, or seek assistance. We value your input and are here to help!
"
contact,https://www.nueverainfotech.com/contact,"A contact page on our website serves as a direct communication channel for visitors to connect with the website owner or business for inquiries, feedback, or support. Get in touch with us through our contact page to inquire about our services, provide feedback, or seek assistance. We value your input and are here to help!
"
client-portal,https://www.nueverainfotech.com/client-portal,"Access our personalized client portal to have a detailed understanding about the services with respect to market Experience seamless collaboration and stay updated with ease.
"
who-we-are,https://www.nueverainfotech.com/who-we-are,"At Nuevera Infotech, we’re committed to providing the best IT solutions and services for our clients. We offer a wide range of services, from web design and development to digital marketing and hosting, all of which are tailored to meet the specific needs of each client. Additionally, we’re dedicated to providing high quality projects at competitive prices and to contributing to society by assisting potential people in the field.
"
courses,https://www.nueverainfotech.com/courses,"Discover our comprehensive courses page offering complete soft skill training and a comprehensive digital marketing course. Unlock your full potential with our expert-led programs for personal and professional growth.

"
courses,https://www.nueverainfotech.com/courses,"Discover our comprehensive courses page offering complete soft skill training and a comprehensive digital marketing course. Unlock your full potential with our expert-led programs for personal and professional growth.

"
careers,https://www.nueverainfotech.com/careers,"Unlock Your Potential: Join Our Exciting Corporate Internship Program! 

 

Are you a tech-savvy individual with a passion for innovation? Our leading IT Company is thrilled to announce internship opportunities tailored for the bright minds of the Youth generation and aspiring individuals!  An internship with Nuevera is not just a temporary position, it's a gateway to a promising future."
careers,https://www.nueverainfotech.com/careers,"Unlock Your Potential: Join Our Exciting Corporate Internship Program! 

 

Are you a tech-savvy individual with a passion for innovation? Our leading IT Company is thrilled to announce internship opportunities tailored for the bright minds of the Youth generation and aspiring individuals!  An internship with Nuevera is not just a temporary position, it's a gateway to a promising future."
careers,https://www.nueverainfotech.com/careers,"Unlock Your Potential: Join Our Exciting Corporate Internship Program! 

 

Are you a tech-savvy individual with a passion for innovation? Our leading IT Company is thrilled to announce internship opportunities tailored for the bright minds of the Youth generation and aspiring individuals!  An internship with Nuevera is not just a temporary position, it's a gateway to a promising future."
who-we-are,https://www.nueverainfotech.com/who-we-are,"At Nuevera Infotech, we’re committed to providing the best IT solutions and services for our clients. We offer a wide range of services, from web design and development to digital marketing and hosting, all of which are tailored to meet the specific needs of each client. Additionally, we’re dedicated to providing high quality projects at competitive prices and to contributing to society by assisting potential people in the field.
"
careers,https://www.nueverainfotech.com/careers,"Unlock Your Potential: Join Our Exciting Corporate Internship Program! 

 

Are you a tech-savvy individual with a passion for innovation? Our leading IT Company is thrilled to announce internship opportunities tailored for the bright minds of the Youth generation and aspiring individuals!  An internship with Nuevera is not just a temporary position, it's a gateway to a promising future."
press-release,https://www.nueverainfotech.com/press-release,"Stay updated with the latest news and announcements from our IT industry-based company through our Press Release page. Find valuable insights, exciting developments, and noteworthy achievements as we continue to drive innovation and excellence in the technology sector.
"
courses,https://www.nueverainfotech.com/courses,"Discover our comprehensive courses page offering complete soft skill training and a comprehensive digital marketing course. Unlock your full potential with our expert-led programs for personal and professional growth.

"
contact,https://www.nueverainfotech.com/contact,"A contact page on our website serves as a direct communication channel for visitors to connect with the website owner or business for inquiries, feedback, or support. Get in touch with us through our contact page to inquire about our services, provide feedback, or seek assistance. We value your input and are here to help!
"
privacy-policy,https://www.nueverainfotech.com/privacy-policy,"Welcome to Nuevera! We value your privacy and are committed to protecting your personal information. This privacy policy outlines how we collect, use, disclose, and safeguard your data when you interact with our website and avail our services.
"
terms-condition,https://www.nueverainfotech.com/terms-condition,"Welcome to Nuevera! we kindly request that you carefully read and understand our terms and conditions, as they govern your use of our website and services. By accessing or using our website and availing our services, you agree to comply with these terms. If you do not agree with any part of these terms, please refrain from using our website or services.
"
f36f8e_6eda1dbf2f304ac88351bada06425ca5.pdf,https://www.nueverainfotech.com/_files/ugd/f36f8e_6eda1dbf2f304ac88351bada06425ca5.pdf,
